{
  "auc": 0.6310022113410204,
  "brier": 0.025418613875357092,
  "n_samples": 1000,
  "positive_rate": 0.974
}