{
  "auc": 0.9992102353498657,
  "brier": 0.003825111108039679,
  "n_samples": 1000,
  "positive_rate": 0.974
}