model,version,auroc,auroc_ci_low,auroc_ci_high,brier,ece,cal_slope,cal_intercept,accuracy,f1,log_loss
retina_resnet18_tempcal,20260226_203136,0.9766997708174179,0.7147802275925614,1.0,0.012611734680831432,0.014410166236608582,0.9312547081571426,0.9040846007135827,0.9868995633187773,0.9919571045576407,0.06990060872594771
