p_tabular,p_retina,retina_ok,label
0.42765549755613197,0.9977407455444336,1,0
