p_tabular,p_retina,retina_ok,p_skin,skin_ok,label
0.42765549755613197,0.9977407455444336,1,,0,0
0.6684542738985177,0.9952096343040466,1,,0,1
0.6684542738985177,0.9952096343040466,1,,0,1
