model,smote,calibration,auroc_oof,auroc_ci_low,auroc_ci_high,auprc_diabetic_vs_rest_oof,brier_oof,ece_diabetic_vs_rest_oof,cal_slope_diabetic_vs_rest,cal_intercept_diabetic_vs_rest,accuracy_oof,f1_oof,log_loss_oof
rf,True,sigmoid,0.9990548766163342,,,0.9989729448730229,0.02181935149639948,0.002340165379964391,1.1730434151930171,0.5299709756738781,0.98695,0.9870089104901459,0.04662450472922783
rf,False,sigmoid,0.9990526903432145,,,0.9989421283286322,0.021851905902601707,0.002640698302720526,1.1666132574945638,0.5107617921678902,0.98685,0.9869107681917001,0.04705360236386355
logreg,True,sigmoid,0.9924605788302069,,,0.9891417888473164,0.1529087325510685,0.08770152843899685,1.9505747065491268,0.6524449673909418,0.95425,0.9543473228151654,0.32272289066718685
logreg,False,sigmoid,0.9924331312134034,,,0.989193227814631,0.15306647010937638,0.0877910247197764,1.9528358833376518,0.654041718865579,0.95405,0.9541527221193657,0.3228422172393927
