{
  "current": {
    "model_name": "tabular_rf_cal_sigmoid_smote_0",
    "model_version": "20260225_175331",
    "model_path": "backend\\artifacts\\tabular\\tabular_rf_cal_sigmoid_smote_0_20260225_175331.joblib"
  },
  "train_summary": {
    "n_total": 30000,
    "n_train": 30000,
    "n_external": 0,
    "held_out_site": null,
    "label_counts_train": {
      "0": 22251,
      "1": 7749
    }
  },
  "best": {
    "oof": {
      "auroc": 0.6738797821281373,
      "auroc_95ci": [
        0.6519941412340758,
        0.6957654230221982
      ],
      "auprc": 0.4018120830838758,
      "brier": 0.1780639632166459,
      "ece": 0.010983660710676937,
      "cal_slope": 0.9728703151458756,
      "cal_intercept": -0.0640798360972351,
      "accuracy": 0.7424666666666667,
      "f1": 0.16960447119518487,
      "log_loss": 0.5352669409982341
    },
    "external_site": null,
    "best_params": {
      "model__min_samples_split": 2,
      "model__min_samples_leaf": 1,
      "model__max_features": "sqrt",
      "model__max_depth": null
    },
    "calibration": "sigmoid",
    "use_smote": false
  },
  "comparisons": [
    {
      "name": "rf",
      "use_smote": false,
      "calibration": "sigmoid",
      "auroc": 0.6738797821281373,
      "auroc_95ci": [
        0.6519941412340758,
        0.6957654230221982
      ],
      "auprc": 0.4018120830838758,
      "brier": 0.1780639632166459,
      "ece": 0.010983660710676937,
      "cal_slope": 0.9728703151458756,
      "cal_intercept": -0.0640798360972351,
      "accuracy": 0.7424666666666667,
      "f1": 0.16960447119518487,
      "log_loss": 0.5352669409982341,
      "external_site": null
    },
    {
      "name": "rf",
      "use_smote": false,
      "calibration": "isotonic",
      "auroc": 0.6734766166548349,
      "auroc_95ci": [
        0.651609288606562,
        0.6953439447031081
      ],
      "auprc": 0.40080365952811114,
      "brier": 0.17830210917225917,
      "ece": 0.010378341442828534,
      "cal_slope": 0.9021985110216032,
      "cal_intercept": -0.13608411242232002,
      "accuracy": 0.7408666666666667,
      "f1": 0.21538150989099716,
      "log_loss": 0.5354739630151616,
      "external_site": null
    },
    {
      "name": "rf",
      "use_smote": true,
      "calibration": "sigmoid",
      "auroc": 0.6730309452511032,
      "auroc_95ci": [
        0.6511394189116849,
        0.6949224715905212
      ],
      "auprc": 0.4013608665195699,
      "brier": 0.17808756181814367,
      "ece": 0.006849415397877443,
      "cal_slope": 0.9870574815475504,
      "cal_intercept": -0.04991889907063581,
      "accuracy": 0.7419333333333333,
      "f1": 0.14130434782608695,
      "log_loss": 0.5354760366609322,
      "external_site": null
    },
    {
      "name": "rf",
      "use_smote": true,
      "calibration": "isotonic",
      "auroc": 0.6729249443109385,
      "auroc_95ci": [
        0.6510472239524194,
        0.6948026646694576
      ],
      "auprc": 0.40063364854299377,
      "brier": 0.17832965911255058,
      "ece": 0.00910664976105057,
      "cal_slope": 0.9088217278071009,
      "cal_intercept": -0.13115877004454085,
      "accuracy": 0.7398,
      "f1": 0.20622330689444784,
      "log_loss": 0.5357793868792174,
      "external_site": null
    },
    {
      "name": "logreg",
      "use_smote": false,
      "calibration": "sigmoid",
      "auroc": 0.659359903605435,
      "auroc_95ci": [
        0.6371208334117995,
        0.6815989737990704
      ],
      "auprc": 0.3864614615700125,
      "brier": 0.18060731140879183,
      "ece": 0.011034192142112688,
      "cal_slope": 0.8825532523107873,
      "cal_intercept": -0.16425485792188677,
      "accuracy": 0.7385333333333334,
      "f1": 0.16178670656123104,
      "log_loss": 0.5427662691708043,
      "external_site": null
    },
    {
      "name": "logreg",
      "use_smote": true,
      "calibration": "sigmoid",
      "auroc": 0.6593243805021626,
      "auroc_95ci": [
        0.6370954099215375,
        0.6815533510827877
      ],
      "auprc": 0.38659355499576575,
      "brier": 0.18059735323470272,
      "ece": 0.010883756011997186,
      "cal_slope": 0.8830671467519858,
      "cal_intercept": -0.1629498621578451,
      "accuracy": 0.7386,
      "f1": 0.16235847041230506,
      "log_loss": 0.5427539119847877,
      "external_site": null
    },
    {
      "name": "logreg",
      "use_smote": true,
      "calibration": "isotonic",
      "auroc": 0.6585043535868438,
      "auroc_95ci": [
        0.636277602403693,
        0.6807311047699943
      ],
      "auprc": 0.38434116742225244,
      "brier": 0.18154233392528665,
      "ece": 0.01586001751208955,
      "cal_slope": 0.7679737438496066,
      "cal_intercept": -0.28202988600406687,
      "accuracy": 0.7333666666666666,
      "f1": 0.22901204819277107,
      "log_loss": 0.5480256160439834,
      "external_site": null
    },
    {
      "name": "logreg",
      "use_smote": false,
      "calibration": "isotonic",
      "auroc": 0.6583779348368718,
      "auroc_95ci": [
        0.6361400084299228,
        0.6806158612438206
      ],
      "auprc": 0.3842392123056853,
      "brier": 0.1815031539143001,
      "ece": 0.016933761391575732,
      "cal_slope": 0.7612948732930378,
      "cal_intercept": -0.2890555556142517,
      "accuracy": 0.7342,
      "f1": 0.23824990447076805,
      "log_loss": 0.5500359407101739,
      "external_site": null
    }
  ]
}